analitica_id,lugar_id,fecha,visitas_dia,ingresos_dia_cop,calificacion_dia,ocupacion_porcentaje,visitantes_nuevos,visitantes_recurrentes
1,1,2023-01-03,1,57371,4.0,1.25,True,-2
2,1,2023-01-10,1,40535,4.0,1.25,True,-2
3,1,2023-01-15,1,52182,5.0,1.25,True,-2
4,1,2023-02-03,1,64473,5.0,1.25,True,-2
5,1,2023-02-25,1,169143,4.0,1.25,True,-2
6,1,2023-04-08,1,68123,4.0,1.25,True,-2
7,1,2023-04-18,1,27431,5.0,1.25,True,-2
8,1,2023-05-01,2,189480,4.0,2.5,2,-4
9,1,2023-06-06,1,48467,4.0,1.25,True,-2
10,1,2023-06-13,1,35845,5.0,1.25,True,-2
11,1,2023-06-24,2,120116,4.5,2.5,2,-4
12,1,2023-07-04,1,27648,5.0,1.25,True,-2
13,1,2023-07-08,1,31107,4.0,1.25,True,-2
14,1,2023-08-16,1,41733,4.0,1.25,True,-2
15,1,2023-09-10,1,81734,3.0,1.25,False,-1
16,1,2023-09-27,1,100688,5.0,1.25,True,-2
17,1,2023-11-03,1,29493,5.0,1.25,True,-2
18,1,2023-11-04,1,152481,5.0,1.25,True,-2
19,1,2023-11-16,1,99966,4.0,1.25,True,-2
20,1,2023-12-02,1,131278,5.0,1.25,True,-2
21,1,2023-12-05,1,53229,4.0,1.25,False,-1
22,1,2023-12-10,1,39068,4.0,1.25,True,-2
23,1,2024-01-17,1,57651,5.0,1.25,True,-2
24,1,2024-01-25,1,46108,5.0,1.25,True,-2
25,1,2024-02-23,1,143208,5.0,1.25,True,-2
26,1,2024-05-14,1,56799,4.0,1.25,True,-2
27,1,2024-05-19,1,29781,5.0,1.25,True,-2
28,1,2024-06-07,1,42419,4.0,1.25,True,-2
29,1,2024-06-12,1,61019,5.0,1.25,True,-2
30,1,2024-06-13,1,82236,4.0,1.25,True,-2
31,1,2024-07-04,1,163625,4.0,1.25,True,-2
32,1,2024-07-30,1,77272,4.0,1.25,True,-2
33,1,2024-08-04,1,26061,4.0,1.25,False,-1
34,1,2024-08-25,1,29037,4.0,1.25,True,-2
35,1,2024-08-31,1,44957,4.0,1.25,True,-2
36,1,2024-09-17,1,37862,5.0,1.25,True,-2
37,1,2024-10-10,1,37050,4.0,1.25,True,-2
38,1,2024-10-24,1,49752,4.0,1.25,True,-2
39,1,2024-11-09,1,69098,4.0,1.25,True,-2
40,1,2024-11-24,1,31774,4.0,1.25,True,-2
41,1,2024-12-17,1,171187,4.0,1.25,True,-2
42,1,2024-12-19,1,126802,5.0,1.25,True,-2
43,1,2024-12-22,1,44769,3.0,1.25,True,-2
44,1,2024-12-25,1,55831,5.0,1.25,True,-2
45,2,2023-01-28,1,160317,5.0,0.67,True,-2
46,2,2023-02-08,1,37957,4.0,0.67,True,-2
47,2,2023-03-02,1,67872,5.0,0.67,True,-2
48,2,2023-03-16,1,167764,5.0,0.67,True,-2
49,2,2023-04-04,1,35170,5.0,0.67,True,-2
50,2,2023-05-13,1,49211,5.0,0.67,True,-2
51,2,2023-05-24,1,38979,4.0,0.67,True,-2
52,2,2023-06-28,1,53414,4.0,0.67,True,-2
53,2,2023-07-15,1,35587,5.0,0.67,True,-2
54,2,2023-07-25,1,103219,4.0,0.67,True,-2
55,2,2023-08-01,1,49808,3.0,0.67,False,-1
56,2,2023-09-04,1,77740,5.0,0.67,True,-2
57,2,2023-10-03,2,226658,4.5,1.33,2,-4
58,2,2023-11-19,1,74556,4.0,0.67,True,-2
59,2,2023-12-04,1,73850,5.0,0.67,True,-2
60,2,2023-12-10,1,37926,4.0,0.67,True,-2
61,2,2023-12-18,1,172100,4.0,0.67,True,-2
62,2,2023-12-30,1,174998,5.0,0.67,True,-2
63,2,2024-01-04,1,94895,4.0,0.67,True,-2
64,2,2024-01-28,1,54835,5.0,0.67,True,-2
65,2,2024-02-02,2,224287,5.0,1.33,2,-4
66,2,2024-02-09,1,77514,4.0,0.67,True,-2
67,2,2024-02-18,1,45472,5.0,0.67,True,-2
68,2,2024-02-26,1,73880,5.0,0.67,True,-2
69,2,2024-02-29,1,48047,5.0,0.67,True,-2
70,2,2024-04-01,1,114036,4.0,0.67,True,-2
71,2,2024-05-30,1,142158,5.0,0.67,True,-2
72,2,2024-08-02,1,93661,5.0,0.67,True,-2
73,2,2024-08-22,1,128298,4.0,0.67,True,-2
74,2,2024-10-02,1,77492,4.0,0.67,True,-2
75,2,2024-10-29,1,57616,4.0,0.67,True,-2
76,2,2024-12-26,1,139978,5.0,0.67,True,-2
77,3,2023-02-25,1,93329,5.0,1.0,True,-2
78,3,2023-02-26,1,56371,4.0,1.0,True,-2
79,3,2023-03-29,1,171209,4.0,1.0,True,-2
80,3,2023-04-13,1,44587,5.0,1.0,True,-2
81,3,2023-05-18,1,50262,4.0,1.0,True,-2
82,3,2023-05-26,1,96638,5.0,1.0,True,-2
83,3,2023-05-30,1,54065,4.0,1.0,True,-2
84,3,2023-06-18,1,128925,4.0,1.0,True,-2
85,3,2023-07-12,1,57913,4.0,1.0,True,-2
86,3,2023-07-26,1,58551,4.0,1.0,True,-2
87,3,2023-07-28,1,57733,4.0,1.0,True,-2
88,3,2023-08-13,1,40960,4.0,1.0,True,-2
89,3,2023-08-17,2,156810,4.5,2.0,2,-4
90,3,2023-08-31,1,63754,5.0,1.0,True,-2
91,3,2023-10-12,1,52093,3.0,1.0,True,-2
92,3,2023-10-26,1,77119,5.0,1.0,True,-2
93,3,2023-10-27,1,49480,4.0,1.0,False,-1
94,3,2023-11-25,1,65787,5.0,1.0,True,-2
95,3,2024-01-10,1,141612,3.0,1.0,False,-1
96,3,2024-02-01,1,182828,4.0,1.0,True,-2
97,3,2024-02-07,1,50690,5.0,1.0,True,-2
98,3,2024-02-11,1,86179,5.0,1.0,True,-2
99,3,2024-02-27,1,59743,4.0,1.0,True,-2
100,3,2024-03-01,2,222057,4.0,2.0,2,-4
101,3,2024-03-04,1,178875,4.0,1.0,True,-2
102,3,2024-03-05,1,45450,4.0,1.0,True,-2
103,3,2024-04-04,1,45664,4.0,1.0,True,-2
104,3,2024-04-17,1,162847,3.0,1.0,False,-1
105,3,2024-05-03,1,55107,4.0,1.0,True,-2
106,3,2024-05-08,1,54183,5.0,1.0,True,-2
107,3,2024-05-18,1,43218,3.0,1.0,True,-2
108,3,2024-06-04,1,58426,5.0,1.0,False,-1
109,3,2024-06-10,1,94518,4.0,1.0,True,-2
110,3,2024-07-14,1,48281,4.0,1.0,False,-1
111,3,2024-07-19,1,41762,5.0,1.0,True,-2
112,3,2024-07-22,1,45467,5.0,1.0,False,-1
113,3,2024-07-23,1,58026,4.0,1.0,True,-2
114,3,2024-07-27,1,90616,5.0,1.0,False,-1
115,3,2024-08-05,1,158918,4.0,1.0,True,-2
116,3,2024-08-17,1,90675,3.0,1.0,True,-2
117,3,2024-08-25,1,160326,5.0,1.0,True,-2
118,3,2024-09-03,1,52734,4.0,1.0,True,-2
119,3,2024-09-13,1,54227,5.0,1.0,True,-2
120,3,2024-09-17,1,74887,4.0,1.0,True,-2
121,3,2024-10-19,1,90219,5.0,1.0,True,-2
122,3,2024-10-25,1,43583,5.0,1.0,False,-1
123,3,2024-12-08,1,69342,4.0,1.0,True,-2
124,3,2024-12-21,1,56237,4.0,1.0,True,-2
125,4,2023-01-25,1,35095,4.0,0.2,True,-2
126,4,2023-02-16,1,15758,3.0,0.2,True,-2
127,4,2023-02-21,1,28617,4.0,0.2,True,-2
128,4,2023-03-21,1,20597,4.0,0.2,True,-2
129,4,2023-03-30,1,34933,4.0,0.2,True,-2
130,4,2023-04-19,1,5691,4.0,0.2,True,-2
131,4,2023-05-07,1,30167,5.0,0.2,True,-2
132,4,2023-06-18,1,31436,3.0,0.2,True,-2
133,4,2023-07-03,1,19626,5.0,0.2,True,-2
134,4,2023-07-20,1,35006,5.0,0.2,True,-2
135,4,2023-08-03,1,24043,4.0,0.2,True,-2
136,4,2023-08-16,1,13566,3.0,0.2,False,-1
137,4,2023-09-01,1,38483,5.0,0.2,True,-2
138,4,2023-09-05,1,29409,4.0,0.2,True,-2
139,4,2023-09-12,1,32279,4.0,0.2,True,-2
140,4,2023-09-13,1,11207,4.0,0.2,True,-2
141,4,2023-09-15,1,9616,3.0,0.2,True,-2
142,4,2023-10-02,1,15107,4.0,0.2,True,-2
143,4,2023-10-03,1,32313,5.0,0.2,True,-2
144,4,2023-11-23,1,9402,4.0,0.2,True,-2
145,4,2023-11-25,1,38678,4.0,0.2,True,-2
146,4,2023-12-09,1,33220,3.0,0.2,True,-2
147,4,2023-12-11,1,24776,4.0,0.2,True,-2
148,4,2023-12-15,1,30998,4.0,0.2,False,-1
149,4,2024-01-03,1,17348,4.0,0.2,True,-2
150,4,2024-02-18,1,33116,5.0,0.2,True,-2
151,4,2024-02-22,1,11769,4.0,0.2,True,-2
152,4,2024-04-06,1,34975,4.0,0.2,False,-1
153,4,2024-04-08,1,11716,4.0,0.2,True,-2
154,4,2024-04-12,1,24400,3.0,0.2,True,-2
155,4,2024-04-20,1,29135,4.0,0.2,True,-2
156,4,2024-05-06,1,36763,4.0,0.2,True,-2
157,4,2024-05-16,1,14317,4.0,0.2,True,-2
158,4,2024-05-19,1,25254,4.0,0.2,True,-2
159,4,2024-06-08,1,24589,4.0,0.2,False,-1
160,4,2024-06-16,1,39348,4.0,0.2,True,-2
161,4,2024-07-10,1,31438,4.0,0.2,False,-1
162,4,2024-07-14,1,39208,5.0,0.2,True,-2
163,4,2024-07-17,1,36393,4.0,0.2,False,-1
164,4,2024-07-20,1,29603,4.0,0.2,False,-1
165,4,2024-08-10,1,12558,4.0,0.2,True,-2
166,4,2024-09-06,1,36478,4.0,0.2,True,-2
167,4,2024-10-17,1,33320,4.0,0.2,True,-2
168,4,2024-10-18,1,14362,4.0,0.2,True,-2
169,4,2024-10-26,1,15847,4.0,0.2,True,-2
170,4,2024-12-11,1,16353,4.0,0.2,True,-2
171,4,2024-12-12,1,37178,4.0,0.2,True,-2
172,4,2024-12-18,1,9757,5.0,0.2,True,-2
173,4,2024-12-19,1,31363,5.0,0.2,True,-2
174,4,2024-12-21,1,28047,5.0,0.2,True,-2
175,5,2023-01-03,1,11052,4.0,0.33,True,-2
176,5,2023-01-21,1,25250,4.0,0.33,True,-2
177,5,2023-01-27,1,23873,5.0,0.33,True,-2
178,5,2023-02-25,1,19823,4.0,0.33,True,-2
179,5,2023-02-28,1,27661,5.0,0.33,True,-2
180,5,2023-03-19,1,59525,5.0,0.33,True,-2
181,5,2023-03-31,1,10400,4.0,0.33,True,-2
182,5,2023-04-06,1,42420,4.0,0.33,True,-2
183,5,2023-04-10,1,46715,3.0,0.33,True,-2
184,5,2023-04-12,1,23059,4.0,0.33,False,-1
185,5,2023-05-04,1,67623,4.0,0.33,True,-2
186,5,2023-06-27,1,29540,4.0,0.33,True,-2
187,5,2023-07-18,1,17639,4.0,0.33,True,-2
188,5,2023-07-22,1,22731,4.0,0.33,True,-2
189,5,2023-08-18,1,39089,4.0,0.33,True,-2
190,5,2023-10-08,1,44074,4.0,0.33,True,-2
191,5,2023-10-25,1,41607,4.0,0.33,True,-2
192,5,2023-12-06,1,63253,4.0,0.33,True,-2
193,5,2023-12-22,1,52275,4.0,0.33,False,-1
194,5,2024-01-09,1,52927,4.0,0.33,True,-2
195,5,2024-02-02,1,26230,3.0,0.33,True,-2
196,5,2024-03-30,1,24013,4.0,0.33,False,-1
197,5,2024-04-06,1,50152,5.0,0.33,True,-2
198,5,2024-04-10,1,23992,5.0,0.33,True,-2
199,5,2024-04-21,1,36501,3.0,0.33,True,-2
200,5,2024-04-28,1,19926,5.0,0.33,True,-2
201,5,2024-05-11,1,26947,4.0,0.33,False,-1
202,5,2024-06-19,1,24977,3.0,0.33,False,-1
203,5,2024-06-30,2,69147,5.0,0.67,2,-4
204,5,2024-07-02,1,84961,4.0,0.33,True,-2
205,5,2024-08-17,1,128133,5.0,0.33,False,-1
206,5,2024-08-23,1,26066,4.0,0.33,True,-2
207,5,2024-09-15,1,21606,4.0,0.33,True,-2
208,5,2024-09-16,1,60599,3.0,0.33,True,-2
209,5,2024-09-26,1,16053,4.0,0.33,True,-2
210,5,2024-10-24,1,37340,5.0,0.33,True,-2
211,5,2024-11-16,1,24190,3.0,0.33,True,-2
212,5,2024-12-03,1,37749,3.0,0.33,True,-2
213,6,2023-01-30,1,99857,4.0,0.83,True,-2
214,6,2023-02-10,1,65073,3.0,0.83,True,-2
215,6,2023-02-14,1,70169,4.0,0.83,True,-2
216,6,2023-02-27,1,88768,4.0,0.83,True,-2
217,6,2023-03-07,1,72232,4.0,0.83,True,-2
218,6,2023-04-02,1,170782,4.0,0.83,True,-2
219,6,2023-04-28,1,56337,5.0,0.83,True,-2
220,6,2023-05-14,1,60829,5.0,0.83,True,-2
221,6,2023-05-25,1,118406,5.0,0.83,True,-2
222,6,2023-06-04,1,93004,5.0,0.83,True,-2
223,6,2023-06-12,1,47150,4.0,0.83,True,-2
224,6,2023-06-14,1,73783,5.0,0.83,True,-2
225,6,2023-07-30,1,73241,4.0,0.83,True,-2
226,6,2023-08-11,1,51582,4.0,0.83,True,-2
227,6,2023-08-22,1,49403,4.0,0.83,False,-1
228,6,2023-09-11,1,111302,3.0,0.83,True,-2
229,6,2023-10-29,1,77631,4.0,0.83,True,-2
230,6,2023-11-15,1,76449,5.0,0.83,True,-2
231,6,2023-12-06,1,57179,3.0,0.83,True,-2
232,6,2024-02-12,1,69275,4.0,0.83,True,-2
233,6,2024-03-24,1,66879,5.0,0.83,True,-2
234,6,2024-04-11,1,68557,5.0,0.83,True,-2
235,6,2024-04-28,1,89696,4.0,0.83,True,-2
236,6,2024-05-18,1,58925,4.0,0.83,True,-2
237,6,2024-05-22,1,63013,3.0,0.83,True,-2
238,6,2024-06-02,1,81436,4.0,0.83,True,-2
239,6,2024-07-21,1,169638,5.0,0.83,True,-2
240,6,2024-07-26,1,104998,5.0,0.83,True,-2
241,6,2024-07-31,1,54958,3.0,0.83,True,-2
242,6,2024-08-09,1,52721,5.0,0.83,True,-2
243,6,2024-08-29,1,83151,4.0,0.83,True,-2
244,6,2024-09-11,1,97307,4.0,0.83,True,-2
245,6,2024-09-13,1,60669,3.0,0.83,True,-2
246,6,2024-09-15,1,86001,5.0,0.83,True,-2
247,6,2024-10-14,1,55563,5.0,0.83,True,-2
248,6,2024-10-20,1,79814,4.0,0.83,True,-2
249,6,2024-11-07,1,111899,4.0,0.83,True,-2
250,6,2024-11-09,1,79525,4.0,0.83,False,-1
251,7,2023-01-08,1,71761,4.0,1.0,True,-2
252,7,2023-01-13,1,69041,5.0,1.0,True,-2
253,7,2023-02-16,1,55316,5.0,1.0,True,-2
254,7,2023-02-27,1,80245,4.0,1.0,True,-2
255,7,2023-03-31,1,69387,4.0,1.0,True,-2
256,7,2023-04-04,1,111606,4.0,1.0,True,-2
257,7,2023-04-10,1,95853,5.0,1.0,True,-2
258,7,2023-04-20,1,102758,5.0,1.0,True,-2
259,7,2023-04-26,1,73684,4.0,1.0,True,-2
260,7,2023-04-29,1,193962,4.0,1.0,False,-1
261,7,2023-05-27,1,65367,5.0,1.0,True,-2
262,7,2023-07-03,1,197392,4.0,1.0,True,-2
263,7,2023-07-11,2,177386,4.5,2.0,2,-4
264,7,2023-07-14,1,129979,5.0,1.0,True,-2
265,7,2023-07-25,1,87457,4.0,1.0,True,-2
266,7,2023-08-08,1,79506,5.0,1.0,True,-2
267,7,2023-09-07,1,71908,5.0,1.0,True,-2
268,7,2023-09-11,1,67868,5.0,1.0,True,-2
269,7,2023-09-12,1,131627,4.0,1.0,True,-2
270,7,2023-09-25,1,85644,5.0,1.0,True,-2
271,7,2023-09-30,1,99975,4.0,1.0,True,-2
272,7,2023-10-02,1,100593,4.0,1.0,True,-2
273,7,2023-10-04,1,74845,4.0,1.0,True,-2
274,7,2023-10-11,1,107984,4.0,1.0,True,-2
275,7,2023-10-28,1,113632,4.0,1.0,True,-2
276,7,2023-11-01,1,80567,4.0,1.0,True,-2
277,7,2023-11-05,1,92582,5.0,1.0,True,-2
278,7,2023-11-15,1,121745,4.0,1.0,True,-2
279,7,2024-02-03,1,85753,4.0,1.0,True,-2
280,7,2024-03-02,1,204436,5.0,1.0,True,-2
281,7,2024-04-08,1,190486,5.0,1.0,True,-2
282,7,2024-04-09,1,105127,5.0,1.0,True,-2
283,7,2024-05-01,1,82601,3.0,1.0,True,-2
284,7,2024-05-14,1,72401,4.0,1.0,True,-2
285,7,2024-05-25,1,85568,5.0,1.0,False,-1
286,7,2024-06-27,1,113248,4.0,1.0,True,-2
287,7,2024-08-12,1,80887,4.0,1.0,True,-2
288,7,2024-08-25,1,72911,4.0,1.0,True,-2
289,7,2024-08-27,1,70816,4.0,1.0,True,-2
290,7,2024-09-01,1,81900,4.0,1.0,False,-1
291,7,2024-09-08,1,62169,4.0,1.0,True,-2
292,7,2024-09-24,1,72715,4.0,1.0,True,-2
293,7,2024-09-25,1,84357,3.0,1.0,True,-2
294,7,2024-09-28,1,62989,5.0,1.0,False,-1
295,7,2024-10-10,1,109049,5.0,1.0,True,-2
296,7,2024-10-12,1,100217,5.0,1.0,True,-2
297,7,2024-10-26,1,55288,4.0,1.0,True,-2
298,7,2024-11-24,1,99120,4.0,1.0,True,-2
299,7,2024-11-30,1,81420,5.0,1.0,True,-2
300,7,2024-12-09,2,171622,4.0,2.0,2,-4
301,7,2024-12-12,1,78163,5.0,1.0,True,-2
302,7,2024-12-13,1,64425,5.0,1.0,True,-2
303,7,2024-12-31,1,114145,4.0,1.0,False,-1
304,8,2023-01-13,1,113664,4.0,1.67,True,-2
305,8,2023-02-03,1,94956,5.0,1.67,True,-2
306,8,2023-03-12,1,124767,5.0,1.67,True,-2
307,8,2023-03-21,1,184912,4.0,1.67,True,-2
308,8,2023-04-14,1,228591,5.0,1.67,True,-2
309,8,2023-04-27,1,107193,3.0,1.67,True,-2
310,8,2023-06-14,1,115164,4.0,1.67,True,-2
311,8,2023-06-16,2,218326,4.5,3.33,2,-4
312,8,2023-06-17,1,122532,5.0,1.67,True,-2
313,8,2023-06-21,1,82708,4.0,1.67,True,-2
314,8,2023-06-29,1,114797,4.0,1.67,True,-2
315,8,2023-07-07,1,114464,5.0,1.67,True,-2
316,8,2023-07-10,1,121894,5.0,1.67,True,-2
317,8,2023-07-30,1,86225,4.0,1.67,True,-2
318,8,2023-08-07,1,84960,3.0,1.67,True,-2
319,8,2023-08-22,1,207095,4.0,1.67,True,-2
320,8,2023-10-03,1,206067,4.0,1.67,True,-2
321,8,2023-10-15,1,115751,4.0,1.67,True,-2
322,8,2023-11-30,1,114645,4.0,1.67,True,-2
323,8,2023-12-02,1,84860,4.0,1.67,True,-2
324,8,2024-01-04,1,135982,4.0,1.67,True,-2
325,8,2024-01-09,1,94753,5.0,1.67,True,-2
326,8,2024-01-26,1,115894,5.0,1.67,True,-2
327,8,2024-02-19,1,119635,4.0,1.67,True,-2
328,8,2024-02-29,1,99806,4.0,1.67,True,-2
329,8,2024-03-12,1,138400,4.0,1.67,True,-2
330,8,2024-04-18,1,87597,4.0,1.67,True,-2
331,8,2024-04-20,1,123103,4.0,1.67,True,-2
332,8,2024-05-05,1,90295,4.0,1.67,True,-2
333,8,2024-05-21,1,88799,5.0,1.67,True,-2
334,8,2024-06-05,1,90168,5.0,1.67,True,-2
335,8,2024-06-11,1,208278,4.0,1.67,True,-2
336,8,2024-07-02,1,112535,3.0,1.67,True,-2
337,8,2024-07-03,1,128916,4.0,1.67,True,-2
338,8,2024-07-08,1,117131,4.0,1.67,True,-2
339,8,2024-07-14,1,98937,4.0,1.67,False,-1
340,8,2024-07-27,1,117942,4.0,1.67,False,-1
341,8,2024-07-29,1,176248,5.0,1.67,True,-2
342,8,2024-07-30,1,111110,3.0,1.67,True,-2
343,8,2024-08-11,1,87459,3.0,1.67,True,-2
344,8,2024-08-21,1,106712,4.0,1.67,True,-2
345,8,2024-09-19,1,117152,5.0,1.67,True,-2
346,8,2024-09-21,1,128677,4.0,1.67,False,-1
347,8,2024-09-30,1,116368,4.0,1.67,True,-2
348,8,2024-10-04,1,117146,4.0,1.67,True,-2
349,8,2024-10-05,1,96418,4.0,1.67,False,-1
350,8,2024-10-08,1,101588,4.0,1.67,True,-2
351,8,2024-10-11,1,128884,4.0,1.67,True,-2
352,8,2024-10-29,1,89790,4.0,1.67,True,-2
353,8,2024-11-02,1,136602,4.0,1.67,True,-2
354,8,2024-11-07,1,92454,4.0,1.67,True,-2
355,8,2024-12-04,1,127536,4.0,1.67,True,-2
356,8,2024-12-06,1,98645,4.0,1.67,False,-1
357,8,2024-12-11,1,91283,4.0,1.67,True,-2
358,8,2024-12-22,1,104076,5.0,1.67,False,-1
359,8,2024-12-28,1,132604,5.0,1.67,False,-1
360,9,2023-01-09,1,104177,4.0,1.25,True,-2
361,9,2023-03-05,1,89904,5.0,1.25,True,-2
362,9,2023-04-06,1,81810,4.0,1.25,True,-2
363,9,2023-04-09,1,83252,4.0,1.25,True,-2
364,9,2023-04-17,1,112517,4.0,1.25,True,-2
365,9,2023-04-18,1,86763,4.0,1.25,True,-2
366,9,2023-04-19,1,98994,4.0,1.25,True,-2
367,9,2023-05-12,1,86786,4.0,1.25,True,-2
368,9,2023-05-20,1,202227,5.0,1.25,True,-2
369,9,2023-05-22,1,75587,4.0,1.25,True,-2
370,9,2023-07-06,1,89739,4.0,1.25,True,-2
371,9,2023-07-12,1,209667,5.0,1.25,True,-2
372,9,2023-07-22,1,218291,5.0,1.25,True,-2
373,9,2023-07-24,1,122116,4.0,1.25,True,-2
374,9,2023-08-18,1,187797,3.0,1.25,True,-2
375,9,2023-09-20,1,87702,5.0,1.25,True,-2
376,9,2023-09-23,1,90942,5.0,1.25,True,-2
377,9,2023-11-03,1,78525,5.0,1.25,True,-2
378,9,2023-11-18,1,126653,4.0,1.25,True,-2
379,9,2023-11-22,1,159343,4.0,1.25,True,-2
380,9,2023-11-23,1,138200,4.0,1.25,True,-2
381,9,2023-11-25,1,89766,5.0,1.25,True,-2
382,9,2023-12-12,1,79930,4.0,1.25,True,-2
383,9,2023-12-15,1,126985,4.0,1.25,True,-2
384,9,2023-12-17,1,122296,4.0,1.25,False,-1
385,9,2023-12-19,1,117070,4.0,1.25,True,-2
386,9,2024-01-05,1,132990,3.0,1.25,True,-2
387,9,2024-02-07,1,94128,5.0,1.25,True,-2
388,9,2024-03-29,1,94781,4.0,1.25,True,-2
389,9,2024-05-01,1,116787,5.0,1.25,True,-2
390,9,2024-05-12,1,88744,4.0,1.25,True,-2
391,9,2024-06-01,1,110755,4.0,1.25,True,-2
392,9,2024-07-10,1,104818,5.0,1.25,True,-2
393,9,2024-07-26,1,77954,5.0,1.25,True,-2
394,9,2024-08-13,1,88514,5.0,1.25,True,-2
395,9,2024-08-19,1,83133,5.0,1.25,True,-2
396,9,2024-08-29,1,174425,4.0,1.25,False,-1
397,9,2024-09-06,1,119725,4.0,1.25,True,-2
398,9,2024-09-22,1,124271,4.0,1.25,False,-1
399,9,2024-10-31,1,70582,4.0,1.25,True,-2
400,9,2024-11-03,1,103808,5.0,1.25,True,-2
401,9,2024-11-05,1,120203,4.0,1.25,False,-1
402,9,2024-11-09,1,88566,5.0,1.25,False,-1
403,9,2024-11-24,1,90771,4.0,1.25,True,-2
404,9,2024-11-30,1,75661,5.0,1.25,True,-2
405,10,2023-01-27,1,37595,3.0,0.5,True,-2
406,10,2023-02-14,1,24427,5.0,0.5,True,-2
407,10,2023-02-15,1,22255,5.0,0.5,True,-2
408,10,2023-02-18,1,30007,4.0,0.5,True,-2
409,10,2023-03-06,1,15958,4.0,0.5,True,-2
410,10,2023-03-18,1,37220,4.0,0.5,True,-2
411,10,2023-03-22,1,30873,4.0,0.5,True,-2
412,10,2023-06-04,1,27607,4.0,0.5,True,-2
413,10,2023-06-10,1,8509,4.0,0.5,True,-2
414,10,2023-07-01,1,36102,5.0,0.5,True,-2
415,10,2023-08-18,1,30486,4.0,0.5,True,-2
416,10,2023-09-12,1,23672,4.0,0.5,True,-2
417,10,2023-09-25,1,25593,4.0,0.5,True,-2
418,10,2023-10-18,1,27135,4.0,0.5,False,-1
419,10,2023-12-06,1,7482,4.0,0.5,True,-2
420,10,2023-12-10,1,5095,3.0,0.5,True,-2
421,10,2023-12-27,1,36481,4.0,0.5,False,-1
422,10,2024-01-18,1,5922,4.0,0.5,True,-2
423,10,2024-01-25,1,13099,4.0,0.5,True,-2
424,10,2024-01-30,1,36342,4.0,0.5,True,-2
425,10,2024-02-23,1,37225,4.0,0.5,True,-2
426,10,2024-02-27,1,7348,4.0,0.5,True,-2
427,10,2024-03-19,1,25735,4.0,0.5,True,-2
428,10,2024-03-30,1,34366,4.0,0.5,True,-2
429,10,2024-04-02,1,5746,3.0,0.5,False,-1
430,10,2024-05-11,1,27527,3.0,0.5,True,-2
431,10,2024-05-16,1,10769,4.0,0.5,True,-2
432,10,2024-06-07,1,18316,5.0,0.5,False,-1
433,10,2024-07-01,1,38201,3.0,0.5,True,-2
434,10,2024-08-14,2,34278,3.0,1.0,1,-3
435,10,2024-08-25,1,11566,3.0,0.5,True,-2
436,10,2024-08-26,2,57981,3.5,1.0,2,-4
437,10,2024-08-28,1,37332,4.0,0.5,True,-2
438,10,2024-09-15,1,21268,4.0,0.5,True,-2
439,10,2024-10-11,1,15110,3.0,0.5,True,-2
440,10,2024-11-08,1,11617,3.0,0.5,True,-2
441,10,2024-11-30,1,9880,4.0,0.5,True,-2
442,10,2024-12-11,1,28384,4.0,0.5,True,-2
443,10,2024-12-30,1,10050,4.0,0.5,True,-2
444,11,2023-01-13,1,42197,4.0,0.4,True,-2
445,11,2023-01-20,1,32484,4.0,0.4,True,-2
446,11,2023-01-21,1,79708,3.0,0.4,True,-2
447,11,2023-02-08,1,46285,3.0,0.4,True,-2
448,11,2023-02-17,1,39150,4.0,0.4,True,-2
449,11,2023-02-21,1,41611,4.0,0.4,True,-2
450,11,2023-03-10,1,40703,4.0,0.4,True,-2
451,11,2023-03-11,1,41552,4.0,0.4,False,-1
452,11,2023-03-18,1,70851,4.0,0.4,True,-2
453,11,2023-04-04,1,42829,4.0,0.4,True,-2
454,11,2023-04-29,1,41225,4.0,0.4,True,-2
455,11,2023-05-02,1,120191,4.0,0.4,True,-2
456,11,2023-05-14,1,76093,4.0,0.4,True,-2
457,11,2023-05-22,1,72670,4.0,0.4,False,-1
458,11,2023-05-26,1,57828,5.0,0.4,True,-2
459,11,2023-07-05,1,34626,4.0,0.4,True,-2
460,11,2023-07-08,1,42059,4.0,0.4,True,-2
461,11,2023-07-12,1,29912,3.0,0.4,True,-2
462,11,2023-07-22,1,38126,4.0,0.4,True,-2
463,11,2023-08-29,1,35179,5.0,0.4,True,-2
464,11,2023-09-12,1,32414,3.0,0.4,True,-2
465,11,2023-09-22,1,38357,5.0,0.4,True,-2
466,11,2023-10-15,1,26919,5.0,0.4,True,-2
467,11,2023-11-12,1,64146,5.0,0.4,True,-2
468,11,2023-11-15,1,81502,5.0,0.4,True,-2
469,11,2023-11-22,1,75067,5.0,0.4,True,-2
470,11,2023-11-26,1,41518,4.0,0.4,True,-2
471,11,2023-11-28,1,81140,5.0,0.4,True,-2
472,11,2023-12-01,1,37803,4.0,0.4,True,-2
473,11,2023-12-06,1,75247,3.0,0.4,True,-2
474,11,2024-01-12,1,45309,4.0,0.4,True,-2
475,11,2024-01-25,1,148280,4.0,0.4,True,-2
476,11,2024-03-18,1,47172,4.0,0.4,True,-2
477,11,2024-04-14,1,84014,4.0,0.4,True,-2
478,11,2024-05-25,1,109000,4.0,0.4,True,-2
479,11,2024-08-19,1,73411,5.0,0.4,True,-2
480,11,2024-08-21,1,42141,4.0,0.4,True,-2
481,11,2024-08-22,1,26491,3.0,0.4,False,-1
482,11,2024-08-28,1,36848,4.0,0.4,True,-2
483,11,2024-09-13,1,41696,4.0,0.4,True,-2
484,11,2024-10-30,1,41219,5.0,0.4,False,-1
485,11,2024-11-07,1,26009,4.0,0.4,False,-1
486,11,2024-12-22,1,31524,4.0,0.4,True,-2
487,12,2023-01-31,1,55082,3.0,0.56,True,-2
488,12,2023-03-11,1,31484,3.0,0.56,True,-2
489,12,2023-03-14,1,119243,4.0,0.56,True,-2
490,12,2023-04-15,1,23381,4.0,0.56,True,-2
491,12,2023-05-01,1,31923,4.0,0.56,True,-2
492,12,2023-05-12,1,36027,3.0,0.56,True,-2
493,12,2023-06-13,1,36796,3.0,0.56,True,-2
494,12,2023-06-28,1,32036,4.0,0.56,True,-2
495,12,2023-07-30,1,36965,5.0,0.56,True,-2
496,12,2023-07-31,1,135799,3.0,0.56,False,-1
497,12,2023-08-04,1,26985,4.0,0.56,True,-2
498,12,2023-09-08,1,21506,3.0,0.56,True,-2
499,12,2023-09-22,1,145051,4.0,0.56,True,-2
500,12,2023-10-09,1,86681,5.0,0.56,True,-2
501,12,2023-10-16,1,58683,4.0,0.56,True,-2
502,12,2023-10-17,1,23735,4.0,0.56,True,-2
503,12,2023-10-19,1,53597,4.0,0.56,True,-2
504,12,2023-10-30,1,47001,5.0,0.56,True,-2
505,12,2023-11-17,1,98177,4.0,0.56,True,-2
506,12,2024-01-02,1,36476,4.0,0.56,True,-2
507,12,2024-01-03,1,30628,4.0,0.56,True,-2
508,12,2024-01-11,1,76603,3.0,0.56,True,-2
509,12,2024-01-16,1,73549,3.0,0.56,True,-2
510,12,2024-01-20,1,71964,4.0,0.56,True,-2
511,12,2024-02-11,1,24059,4.0,0.56,True,-2
512,12,2024-02-25,1,28655,4.0,0.56,True,-2
513,12,2024-03-23,1,71894,4.0,0.56,True,-2
514,12,2024-04-02,1,30356,4.0,0.56,True,-2
515,12,2024-04-04,1,73255,4.0,0.56,True,-2
516,12,2024-04-12,1,30044,4.0,0.56,True,-2
517,12,2024-04-19,1,23859,4.0,0.56,True,-2
518,12,2024-05-08,1,95318,3.0,0.56,True,-2
519,12,2024-05-15,1,28683,4.0,0.56,True,-2
520,12,2024-05-29,1,51076,3.0,0.56,True,-2
521,12,2024-05-31,1,38823,4.0,0.56,True,-2
522,12,2024-06-12,1,54504,4.0,0.56,False,-1
523,12,2024-06-13,1,32286,4.0,0.56,True,-2
524,12,2024-07-09,1,141004,3.0,0.56,True,-2
525,12,2024-08-23,1,63242,4.0,0.56,True,-2
526,12,2024-10-31,1,148480,4.0,0.56,True,-2
527,12,2024-11-19,1,24347,4.0,0.56,True,-2
528,12,2024-11-21,1,79012,4.0,0.56,True,-2
529,12,2024-11-26,1,39286,4.0,0.56,True,-2
530,12,2024-12-02,1,105601,3.0,0.56,False,-1
531,13,2023-01-02,1,8155,5.0,0.25,True,-2
532,13,2023-01-14,1,10832,3.0,0.25,True,-2
533,13,2023-01-18,1,30526,4.0,0.25,True,-2
534,13,2023-02-19,1,33364,4.0,0.25,True,-2
535,13,2023-02-23,1,30974,4.0,0.25,True,-2
536,13,2023-03-03,1,31081,5.0,0.25,True,-2
537,13,2023-05-20,1,30624,4.0,0.25,True,-2
538,13,2023-06-19,1,14124,4.0,0.25,True,-2
539,13,2023-06-21,1,18886,5.0,0.25,True,-2
540,13,2023-06-27,1,5554,4.0,0.25,True,-2
541,13,2023-06-28,1,7585,4.0,0.25,True,-2
542,13,2023-07-17,2,31423,4.5,0.5,2,-4
543,13,2023-07-24,1,11356,4.0,0.25,True,-2
544,13,2023-07-31,1,18562,5.0,0.25,False,-1
545,13,2023-08-09,1,7610,3.0,0.25,True,-2
546,13,2023-08-18,1,13598,5.0,0.25,True,-2
547,13,2023-10-06,1,39331,5.0,0.25,True,-2
548,13,2023-11-02,1,29453,4.0,0.25,True,-2
549,13,2023-11-05,1,22590,4.0,0.25,True,-2
550,13,2023-11-08,1,5443,5.0,0.25,True,-2
551,13,2023-11-10,1,15945,3.0,0.25,True,-2
552,13,2023-11-11,1,32556,3.0,0.25,True,-2
553,13,2023-12-23,1,36205,4.0,0.25,True,-2
554,13,2023-12-24,1,35080,4.0,0.25,True,-2
555,13,2024-01-16,1,13318,4.0,0.25,True,-2
556,13,2024-01-20,1,34621,4.0,0.25,True,-2
557,13,2024-01-23,1,28018,4.0,0.25,True,-2
558,13,2024-03-01,1,10626,4.0,0.25,False,-1
559,13,2024-03-07,1,24644,4.0,0.25,True,-2
560,13,2024-03-11,1,11711,4.0,0.25,True,-2
561,13,2024-03-24,1,22583,5.0,0.25,True,-2
562,13,2024-03-28,1,18853,4.0,0.25,True,-2
563,13,2024-04-22,1,15145,4.0,0.25,True,-2
564,13,2024-04-27,1,9783,4.0,0.25,True,-2
565,13,2024-05-29,1,8451,5.0,0.25,True,-2
566,13,2024-06-16,1,32070,5.0,0.25,True,-2
567,13,2024-06-22,1,19415,4.0,0.25,True,-2
568,13,2024-07-05,1,16034,4.0,0.25,True,-2
569,13,2024-08-03,1,15936,4.0,0.25,True,-2
570,13,2024-08-21,1,11705,5.0,0.25,True,-2
571,13,2024-08-24,1,12486,4.0,0.25,True,-2
572,13,2024-08-29,1,16791,4.0,0.25,False,-1
573,13,2024-11-04,1,16511,4.0,0.25,True,-2
574,13,2024-11-05,1,24768,4.0,0.25,False,-1
575,13,2024-11-30,1,32961,5.0,0.25,False,-1
576,13,2024-12-11,1,13662,4.0,0.25,True,-2
577,14,2023-01-04,1,50023,5.0,0.29,True,-2
578,14,2023-01-09,1,133173,4.0,0.29,True,-2
579,14,2023-02-09,1,24969,4.0,0.29,True,-2
580,14,2023-02-13,1,52211,4.0,0.29,True,-2
581,14,2023-03-01,1,42617,5.0,0.29,True,-2
582,14,2023-03-26,1,28288,5.0,0.29,True,-2
583,14,2023-03-28,1,66047,4.0,0.29,True,-2
584,14,2023-05-03,1,66610,5.0,0.29,True,-2
585,14,2023-06-01,1,30566,3.0,0.29,True,-2
586,14,2023-07-07,1,66545,5.0,0.29,True,-2
587,14,2023-07-11,1,98489,5.0,0.29,True,-2
588,14,2023-07-13,1,71010,3.0,0.29,True,-2
589,14,2023-08-14,1,21571,4.0,0.29,True,-2
590,14,2023-08-27,1,62922,4.0,0.29,True,-2
591,14,2023-11-14,1,14589,4.0,0.29,True,-2
592,14,2023-11-24,1,69651,4.0,0.29,True,-2
593,14,2023-12-12,1,26210,4.0,0.29,True,-2
594,14,2023-12-16,1,23906,4.0,0.29,True,-2
595,14,2023-12-18,1,80557,4.0,0.29,False,-1
596,14,2023-12-26,2,101342,4.0,0.57,2,-4
597,14,2024-01-28,1,49724,5.0,0.29,True,-2
598,14,2024-01-29,1,49437,4.0,0.29,True,-2
599,14,2024-02-01,1,65091,4.0,0.29,True,-2
600,14,2024-02-05,1,27173,3.0,0.29,True,-2
601,14,2024-02-07,1,59471,4.0,0.29,True,-2
602,14,2024-02-14,1,51919,4.0,0.29,True,-2
603,14,2024-02-26,1,26496,5.0,0.29,True,-2
604,14,2024-03-09,1,24336,4.0,0.29,False,-1
605,14,2024-04-11,1,69699,4.0,0.29,True,-2
606,14,2024-05-04,1,22044,4.0,0.29,True,-2
607,14,2024-05-19,1,31204,4.0,0.29,True,-2
608,14,2024-05-23,1,51831,3.0,0.29,True,-2
609,14,2024-06-17,1,53649,4.0,0.29,True,-2
610,14,2024-06-20,1,30634,3.0,0.29,False,-1
611,14,2024-06-30,1,18534,4.0,0.29,True,-2
612,14,2024-07-04,1,17003,4.0,0.29,True,-2
613,14,2024-07-23,1,20658,4.0,0.29,True,-2
614,14,2024-08-31,1,122828,3.0,0.29,True,-2
615,14,2024-09-04,1,27703,3.0,0.29,True,-2
616,14,2024-09-10,1,21981,4.0,0.29,True,-2
617,14,2024-09-14,1,147524,4.0,0.29,True,-2
618,14,2024-09-26,1,25513,4.0,0.29,True,-2
619,14,2024-10-11,1,60245,4.0,0.29,True,-2
620,14,2024-10-17,1,43308,5.0,0.29,True,-2
621,14,2024-10-23,1,25576,4.0,0.29,False,-1
622,14,2024-11-05,1,31310,4.0,0.29,True,-2
623,14,2024-11-23,1,12135,4.0,0.29,True,-2
624,14,2024-12-06,1,27923,4.0,0.29,True,-2
625,14,2024-12-11,1,16632,4.0,0.29,False,-1
626,14,2024-12-31,1,23767,4.0,0.29,True,-2
627,15,2023-02-20,1,123759,3.0,0.25,True,-2
628,15,2023-03-04,1,7874,3.0,0.25,True,-2
629,15,2023-04-13,1,31243,4.0,0.25,True,-2
630,15,2023-04-19,1,47619,4.0,0.25,True,-2
631,15,2023-05-12,1,63556,3.0,0.25,True,-2
632,15,2023-06-11,1,14968,3.0,0.25,True,-2
633,15,2023-06-12,1,32958,3.0,0.25,True,-2
634,15,2023-06-26,1,14746,3.0,0.25,True,-2
635,15,2023-07-01,1,87198,3.0,0.25,True,-2
636,15,2023-07-23,1,54911,3.0,0.25,True,-2
637,15,2023-08-16,1,81567,4.0,0.25,True,-2
638,15,2023-08-17,1,24298,3.0,0.25,True,-2
639,15,2023-08-27,1,22745,4.0,0.25,True,-2
640,15,2023-09-23,1,19914,4.0,0.25,True,-2
641,15,2023-11-04,1,17928,4.0,0.25,True,-2
642,15,2023-11-09,1,14023,3.0,0.25,True,-2
643,15,2023-11-14,1,60788,4.0,0.25,True,-2
644,15,2023-12-17,1,10992,2.0,0.25,True,-2
645,15,2024-01-05,1,8491,4.0,0.25,False,-1
646,15,2024-02-01,1,49247,3.0,0.25,True,-2
647,15,2024-02-06,1,34368,4.0,0.25,True,-2
648,15,2024-02-19,1,117543,3.0,0.25,True,-2
649,15,2024-02-21,1,22912,4.0,0.25,True,-2
650,15,2024-02-24,1,126382,4.0,0.25,True,-2
651,15,2024-03-04,1,18257,4.0,0.25,True,-2
652,15,2024-05-10,1,7520,4.0,0.25,True,-2
653,15,2024-06-02,1,33775,4.0,0.25,False,-1
654,15,2024-06-10,1,8910,3.0,0.25,True,-2
655,15,2024-06-15,1,23284,4.0,0.25,True,-2
656,15,2024-07-17,1,38467,4.0,0.25,True,-2
657,15,2024-09-15,1,18163,4.0,0.25,True,-2
658,15,2024-11-04,1,39659,4.0,0.25,True,-2
659,15,2024-11-10,1,36750,5.0,0.25,True,-2
660,15,2024-12-04,1,20559,4.0,0.25,True,-2
661,15,2024-12-08,1,47798,4.0,0.25,False,-1
662,15,2024-12-12,1,5304,3.0,0.25,True,-2
663,16,2023-01-13,1,95902,5.0,1.11,True,-2
664,16,2023-01-20,1,52533,5.0,1.11,True,-2
665,16,2023-02-05,1,82905,4.0,1.11,True,-2
666,16,2023-02-11,1,47045,4.0,1.11,True,-2
667,16,2023-03-22,1,159538,5.0,1.11,True,-2
668,16,2023-03-31,1,69303,4.0,1.11,True,-2
669,16,2023-04-08,1,58885,4.0,1.11,True,-2
670,16,2023-04-10,1,55616,4.0,1.11,True,-2
671,16,2023-04-16,1,120272,4.0,1.11,True,-2
672,16,2023-05-28,1,90517,4.0,1.11,True,-2
673,16,2023-06-02,1,55903,4.0,1.11,True,-2
674,16,2023-06-09,1,85152,3.0,1.11,True,-2
675,16,2023-06-23,1,44035,5.0,1.11,True,-2
676,16,2023-06-28,1,86169,4.0,1.11,True,-2
677,16,2023-07-02,1,56511,4.0,1.11,True,-2
678,16,2023-08-08,1,62265,4.0,1.11,True,-2
679,16,2023-09-03,1,56216,4.0,1.11,True,-2
680,16,2023-09-14,1,42700,5.0,1.11,True,-2
681,16,2023-10-15,1,148231,5.0,1.11,True,-2
682,16,2023-11-11,1,56812,5.0,1.11,True,-2
683,16,2023-11-13,1,93652,5.0,1.11,True,-2
684,16,2023-11-21,1,87299,5.0,1.11,True,-2
685,16,2023-11-22,1,51756,5.0,1.11,True,-2
686,16,2023-12-25,1,51280,4.0,1.11,False,-1
687,16,2024-01-18,1,43483,4.0,1.11,True,-2
688,16,2024-01-22,1,41331,5.0,1.11,True,-2
689,16,2024-03-04,1,89087,5.0,1.11,True,-2
690,16,2024-03-21,1,49042,5.0,1.11,True,-2
691,16,2024-04-13,1,90459,4.0,1.11,True,-2
692,16,2024-06-07,1,73601,4.0,1.11,True,-2
693,16,2024-06-19,2,141712,4.0,2.22,1,-3
694,16,2024-07-04,1,57472,4.0,1.11,True,-2
695,16,2024-07-13,1,119197,5.0,1.11,True,-2
696,16,2024-08-31,1,53143,5.0,1.11,False,-1
697,16,2024-09-20,1,185749,5.0,1.11,True,-2
698,16,2024-09-27,1,183881,5.0,1.11,True,-2
699,16,2024-10-09,1,54030,5.0,1.11,False,-1
700,16,2024-10-24,1,54726,4.0,1.11,True,-2
701,16,2024-11-03,1,101608,5.0,1.11,True,-2
702,16,2024-11-10,1,52611,4.0,1.11,True,-2
703,16,2024-11-15,1,72530,4.0,1.11,True,-2
704,16,2024-11-28,1,44585,4.0,1.11,False,-1
705,16,2024-12-04,2,137412,5.0,2.22,1,-3
706,16,2024-12-10,1,93548,4.0,1.11,True,-2
707,16,2024-12-14,1,79651,4.0,1.11,True,-2
708,17,2023-01-23,1,19225,3.0,2.0,True,-2
709,17,2023-01-27,1,11781,5.0,2.0,True,-2
710,17,2023-01-30,1,26386,4.0,2.0,True,-2
711,17,2023-02-25,1,12304,4.0,2.0,True,-2
712,17,2023-03-01,1,31350,4.0,2.0,True,-2
713,17,2023-03-08,1,17996,5.0,2.0,True,-2
714,17,2023-04-06,2,97495,4.5,4.0,2,-4
715,17,2023-04-18,1,34361,4.0,2.0,True,-2
716,17,2023-04-19,1,51876,4.0,2.0,True,-2
717,17,2023-05-16,1,67725,4.0,2.0,True,-2
718,17,2023-06-02,1,51591,5.0,2.0,True,-2
719,17,2023-06-26,1,16598,5.0,2.0,True,-2
720,17,2023-06-29,1,21070,5.0,2.0,True,-2
721,17,2023-07-19,1,40162,4.0,2.0,True,-2
722,17,2023-09-08,1,20650,4.0,2.0,True,-2
723,17,2023-10-06,1,30309,4.0,2.0,True,-2
724,17,2023-11-12,1,20182,4.0,2.0,True,-2
725,17,2023-11-16,1,23449,4.0,2.0,True,-2
726,17,2023-11-17,1,56582,4.0,2.0,True,-2
727,17,2023-11-24,1,32777,5.0,2.0,True,-2
728,17,2024-01-11,1,22761,4.0,2.0,True,-2
729,17,2024-01-17,1,50650,4.0,2.0,True,-2
730,17,2024-02-01,1,27116,5.0,2.0,True,-2
731,17,2024-02-03,1,5145,4.0,2.0,True,-2
732,17,2024-02-21,1,63558,5.0,2.0,False,-1
733,17,2024-02-24,1,21819,5.0,2.0,False,-1
734,17,2024-03-04,1,22547,4.0,2.0,False,-1
735,17,2024-03-14,1,61518,4.0,2.0,True,-2
736,17,2024-03-23,1,62838,4.0,2.0,False,-1
737,17,2024-04-10,1,15878,4.0,2.0,True,-2
738,17,2024-04-13,1,27489,5.0,2.0,True,-2
739,17,2024-04-30,2,86241,4.5,4.0,2,-4
740,17,2024-05-11,1,64774,5.0,2.0,True,-2
741,17,2024-06-10,1,48340,4.0,2.0,True,-2
742,17,2024-10-15,1,7784,4.0,2.0,True,-2
743,17,2024-10-31,1,5646,5.0,2.0,True,-2
744,17,2024-11-04,1,16632,5.0,2.0,True,-2
745,17,2024-11-08,2,78050,4.0,4.0,2,-4
746,17,2024-12-19,1,15743,4.0,2.0,True,-2
747,18,2023-01-26,1,101277,4.0,0.33,True,-2
748,18,2023-02-12,1,22462,3.0,0.33,True,-2
749,18,2023-03-02,1,55360,3.0,0.33,True,-2
750,18,2023-03-05,1,22253,4.0,0.33,True,-2
751,18,2023-03-17,2,43565,4.0,0.67,2,-4
752,18,2023-04-29,1,18104,4.0,0.33,True,-2
753,18,2023-05-10,1,63968,4.0,0.33,True,-2
754,18,2023-05-11,1,29646,3.0,0.33,True,-2
755,18,2023-05-19,1,140303,4.0,0.33,True,-2
756,18,2023-05-21,1,45474,4.0,0.33,True,-2
757,18,2023-05-29,1,9738,4.0,0.33,True,-2
758,18,2023-05-30,1,64621,4.0,0.33,True,-2
759,18,2023-06-01,1,56444,4.0,0.33,True,-2
760,18,2023-06-09,1,11462,4.0,0.33,True,-2
761,18,2023-08-23,1,43104,3.0,0.33,True,-2
762,18,2023-08-31,1,27415,4.0,0.33,True,-2
763,18,2023-09-01,1,21230,4.0,0.33,True,-2
764,18,2023-09-28,1,48426,4.0,0.33,True,-2
765,18,2023-10-06,1,147537,4.0,0.33,True,-2
766,18,2023-10-26,1,10266,4.0,0.33,True,-2
767,18,2023-12-03,1,84861,4.0,0.33,True,-2
768,18,2024-01-17,1,10753,4.0,0.33,True,-2
769,18,2024-02-10,1,39772,3.0,0.33,True,-2
770,18,2024-02-12,1,23431,3.0,0.33,True,-2
771,18,2024-02-24,1,17678,4.0,0.33,False,-1
772,18,2024-03-05,1,25374,4.0,0.33,True,-2
773,18,2024-03-08,1,8418,4.0,0.33,True,-2
774,18,2024-03-09,1,20353,5.0,0.33,True,-2
775,18,2024-03-31,1,18608,4.0,0.33,True,-2
776,18,2024-04-18,1,24678,4.0,0.33,True,-2
777,18,2024-05-03,1,20560,4.0,0.33,True,-2
778,18,2024-06-15,1,127126,4.0,0.33,True,-2
779,18,2024-07-03,1,30252,5.0,0.33,True,-2
780,18,2024-11-17,1,9854,4.0,0.33,True,-2
781,18,2024-12-21,1,10050,3.0,0.33,True,-2
782,19,2023-01-14,1,78737,4.0,0.77,True,-2
783,19,2023-01-17,1,24071,4.0,0.77,True,-2
784,19,2023-02-05,1,70246,4.0,0.77,True,-2
785,19,2023-02-19,1,21505,4.0,0.77,True,-2
786,19,2023-03-14,1,111894,4.0,0.77,True,-2
787,19,2023-03-22,1,60087,4.0,0.77,True,-2
788,19,2023-04-14,1,61423,5.0,0.77,True,-2
789,19,2023-04-24,1,67627,3.0,0.77,True,-2
790,19,2023-05-03,1,51660,3.0,0.77,True,-2
791,19,2023-05-17,1,68111,4.0,0.77,False,-1
792,19,2023-05-23,1,47623,4.0,0.77,True,-2
793,19,2023-05-26,1,66903,2.0,0.77,True,-2
794,19,2023-06-11,1,107840,3.0,0.77,True,-2
795,19,2023-06-13,1,57258,3.0,0.77,True,-2
796,19,2023-06-18,1,34421,3.0,0.77,True,-2
797,19,2023-06-21,1,151360,3.0,0.77,False,-1
798,19,2023-07-21,1,59986,4.0,0.77,True,-2
799,19,2023-08-03,1,58734,3.0,0.77,True,-2
800,19,2023-08-11,1,35681,4.0,0.77,True,-2
801,19,2023-09-10,1,144489,3.0,0.77,True,-2
802,19,2023-09-29,2,205477,3.0,1.54,2,-4
803,19,2023-10-11,1,84229,4.0,0.77,True,-2
804,19,2023-10-14,1,100202,3.0,0.77,True,-2
805,19,2023-11-09,1,37664,4.0,0.77,True,-2
806,19,2023-12-06,1,24014,4.0,0.77,True,-2
807,19,2023-12-26,1,37441,4.0,0.77,True,-2
808,19,2024-01-02,1,39136,4.0,0.77,True,-2
809,19,2024-02-08,1,22452,4.0,0.77,True,-2
810,19,2024-02-10,1,63650,3.0,0.77,False,-1
811,19,2024-02-15,1,59034,4.0,0.77,True,-2
812,19,2024-02-17,1,27700,3.0,0.77,True,-2
813,19,2024-03-20,1,65202,3.0,0.77,True,-2
814,19,2024-06-03,1,49673,3.0,0.77,True,-2
815,19,2024-07-28,1,72424,4.0,0.77,True,-2
816,19,2024-08-01,1,21011,3.0,0.77,True,-2
817,19,2024-08-07,1,63870,4.0,0.77,True,-2
818,19,2024-08-12,1,44485,4.0,0.77,True,-2
819,19,2024-09-09,1,42875,3.0,0.77,True,-2
820,19,2024-10-10,1,49846,4.0,0.77,False,-1
821,19,2024-12-18,1,38989,4.0,0.77,True,-2
822,19,2024-12-22,1,21015,4.0,0.77,True,-2
823,19,2024-12-26,1,31001,4.0,0.77,True,-2
824,20,2023-01-24,1,27483,4.0,0.83,True,-2
825,20,2023-01-26,1,29960,4.0,0.83,True,-2
826,20,2023-02-21,1,16009,5.0,0.83,True,-2
827,20,2023-02-27,1,19379,5.0,0.83,True,-2
828,20,2023-03-17,1,34430,4.0,0.83,True,-2
829,20,2023-04-02,1,17316,4.0,0.83,True,-2
830,20,2023-04-05,1,27898,4.0,0.83,True,-2
831,20,2023-04-06,1,26261,4.0,0.83,True,-2
832,20,2023-04-17,1,18472,4.0,0.83,True,-2
833,20,2023-05-20,1,24689,4.0,0.83,False,-1
834,20,2023-07-04,1,6708,4.0,0.83,True,-2
835,20,2023-08-03,1,16049,4.0,0.83,False,-1
836,20,2023-08-05,1,6436,3.0,0.83,True,-2
837,20,2023-08-19,1,23918,4.0,0.83,True,-2
838,20,2023-09-20,1,12080,5.0,0.83,True,-2
839,20,2023-09-24,1,24270,4.0,0.83,True,-2
840,20,2023-10-10,1,31409,3.0,0.83,True,-2
841,20,2023-10-12,1,10478,5.0,0.83,True,-2
842,20,2023-11-27,1,8332,4.0,0.83,True,-2
843,20,2023-12-01,1,6941,5.0,0.83,True,-2
844,20,2023-12-06,1,28645,4.0,0.83,True,-2
845,20,2023-12-11,1,23119,4.0,0.83,True,-2
846,20,2023-12-13,1,39019,4.0,0.83,True,-2
847,20,2024-01-18,1,30925,4.0,0.83,True,-2
848,20,2024-01-30,1,5808,3.0,0.83,False,-1
849,20,2024-02-24,1,34987,4.0,0.83,True,-2
850,20,2024-03-02,1,34118,4.0,0.83,True,-2
851,20,2024-03-07,1,15930,3.0,0.83,True,-2
852,20,2024-03-15,1,18883,5.0,0.83,True,-2
853,20,2024-04-01,1,36903,4.0,0.83,True,-2
854,20,2024-04-04,1,38583,4.0,0.83,True,-2
855,20,2024-04-07,1,22925,4.0,0.83,True,-2
856,20,2024-05-02,1,24585,4.0,0.83,True,-2
857,20,2024-05-07,1,26666,5.0,0.83,False,-1
858,20,2024-06-04,1,16613,4.0,0.83,True,-2
859,20,2024-06-07,1,30458,4.0,0.83,True,-2
860,20,2024-07-01,1,5386,4.0,0.83,True,-2
861,20,2024-07-20,1,8996,4.0,0.83,True,-2
862,20,2024-08-05,1,32581,4.0,0.83,True,-2
863,20,2024-08-13,1,15383,3.0,0.83,True,-2
864,20,2024-08-19,1,32359,4.0,0.83,True,-2
865,20,2024-08-23,1,9332,4.0,0.83,True,-2
866,20,2024-10-04,1,14691,4.0,0.83,True,-2
867,20,2024-10-07,1,31505,3.0,0.83,True,-2
868,20,2024-10-15,1,36177,4.0,0.83,True,-2
869,20,2024-10-18,1,9144,4.0,0.83,True,-2
870,20,2024-10-23,1,34060,5.0,0.83,True,-2
871,20,2024-11-20,1,12753,5.0,0.83,True,-2
872,20,2024-12-22,1,14283,4.0,0.83,True,-2
873,21,2023-01-12,1,15284,3.0,0.17,True,-2
874,21,2023-02-03,1,28506,3.0,0.17,True,-2
875,21,2023-02-19,1,12588,4.0,0.17,True,-2
876,21,2023-04-22,1,21268,4.0,0.17,True,-2
877,21,2023-04-27,1,30288,4.0,0.17,True,-2
878,21,2023-05-04,1,32676,4.0,0.17,True,-2
879,21,2023-08-22,1,28318,4.0,0.17,True,-2
880,21,2023-09-18,1,17839,3.0,0.17,True,-2
881,21,2023-10-04,1,11699,4.0,0.17,True,-2
882,21,2023-11-02,2,56132,3.5,0.33,2,-4
883,21,2023-11-11,1,24301,4.0,0.17,True,-2
884,21,2023-12-06,1,33210,3.0,0.17,True,-2
885,21,2023-12-23,1,28067,3.0,0.17,False,-1
886,21,2024-01-10,1,26363,4.0,0.17,True,-2
887,21,2024-01-26,1,29209,3.0,0.17,True,-2
888,21,2024-02-02,1,10550,3.0,0.17,True,-2
889,21,2024-02-24,1,6566,3.0,0.17,True,-2
890,21,2024-04-01,1,20751,4.0,0.17,True,-2
891,21,2024-04-22,1,25580,3.0,0.17,True,-2
892,21,2024-05-15,1,34235,3.0,0.17,True,-2
893,21,2024-06-07,1,9918,4.0,0.17,False,-1
894,21,2024-06-22,1,21328,3.0,0.17,True,-2
895,21,2024-07-07,1,22384,3.0,0.17,True,-2
896,21,2024-08-09,2,35004,4.0,0.33,2,-4
897,21,2024-08-10,1,33387,4.0,0.17,True,-2
898,21,2024-08-31,1,36636,3.0,0.17,True,-2
899,21,2024-09-25,1,39766,4.0,0.17,True,-2
900,21,2024-09-29,1,20897,4.0,0.17,True,-2
901,21,2024-09-30,1,39246,3.0,0.17,True,-2
902,21,2024-10-10,1,33141,5.0,0.17,True,-2
903,21,2024-10-28,1,7448,3.0,0.17,True,-2
904,21,2024-11-02,1,10976,3.0,0.17,True,-2
905,21,2024-11-28,1,7002,4.0,0.17,False,-1
906,21,2024-12-13,1,8843,4.0,0.17,True,-2
907,21,2024-12-18,1,11241,4.0,0.17,False,-1
908,21,2024-12-20,1,33523,4.0,0.17,True,-2
909,22,2023-03-26,1,35582,4.0,0.2,True,-2
910,22,2023-04-04,1,151780,5.0,0.2,True,-2
911,22,2023-04-11,1,26478,3.0,0.2,True,-2
912,22,2023-04-16,1,31219,5.0,0.2,True,-2
913,22,2023-04-24,1,62491,5.0,0.2,True,-2
914,22,2023-05-16,2,91286,4.0,0.4,2,-4
915,22,2023-06-04,1,28417,3.0,0.2,True,-2
916,22,2023-06-20,1,70401,3.0,0.2,True,-2
917,22,2023-07-24,1,45496,3.0,0.2,True,-2
918,22,2023-07-30,1,62721,4.0,0.2,True,-2
919,22,2023-08-18,1,26270,4.0,0.2,False,-1
920,22,2023-09-01,1,31756,4.0,0.2,True,-2
921,22,2023-09-05,1,26279,5.0,0.2,True,-2
922,22,2023-09-19,1,63044,3.0,0.2,True,-2
923,22,2023-11-30,1,46101,4.0,0.2,True,-2
924,22,2023-12-21,1,18314,4.0,0.2,True,-2
925,22,2024-01-15,1,164063,5.0,0.2,True,-2
926,22,2024-01-27,1,22362,4.0,0.2,True,-2
927,22,2024-02-10,1,18956,5.0,0.2,True,-2
928,22,2024-03-21,1,24616,4.0,0.2,True,-2
929,22,2024-04-26,1,31517,3.0,0.2,True,-2
930,22,2024-05-13,1,28396,4.0,0.2,True,-2
931,22,2024-05-17,1,65530,3.0,0.2,True,-2
932,22,2024-06-13,1,25874,4.0,0.2,True,-2
933,22,2024-07-15,1,34264,4.0,0.2,True,-2
934,22,2024-08-12,1,53455,4.0,0.2,True,-2
935,22,2024-09-19,1,19451,4.0,0.2,False,-1
936,22,2024-10-02,1,48021,4.0,0.2,False,-1
937,22,2024-10-07,1,35814,5.0,0.2,True,-2
938,22,2024-10-28,1,37477,4.0,0.2,True,-2
939,22,2024-11-18,2,62696,4.0,0.4,1,-3
940,22,2024-11-29,1,36025,4.0,0.2,True,-2
941,22,2024-12-28,1,21771,4.0,0.2,True,-2
942,23,2023-01-05,1,26236,4.0,1.0,True,-2
943,23,2023-01-08,1,27145,3.0,1.0,True,-2
944,23,2023-02-03,1,91025,3.0,1.0,True,-2
945,23,2023-02-06,1,44104,4.0,1.0,True,-2
946,23,2023-02-10,1,79731,5.0,1.0,True,-2
947,23,2023-03-06,1,70024,4.0,1.0,True,-2
948,23,2023-03-28,1,73061,3.0,1.0,True,-2
949,23,2023-04-14,1,34374,4.0,1.0,True,-2
950,23,2023-05-17,1,138521,3.0,1.0,True,-2
951,23,2023-05-24,1,31130,5.0,1.0,True,-2
952,23,2023-06-11,1,82995,4.0,1.0,True,-2
953,23,2023-06-22,1,64971,3.0,1.0,True,-2
954,23,2023-06-27,1,82873,4.0,1.0,True,-2
955,23,2023-07-01,1,56206,3.0,1.0,True,-2
956,23,2023-08-01,1,80102,5.0,1.0,True,-2
957,23,2023-08-31,1,93230,3.0,1.0,False,-1
958,23,2023-09-16,1,32150,4.0,1.0,True,-2
959,23,2023-09-20,1,32574,4.0,1.0,True,-2
960,23,2023-10-17,2,93018,3.0,2.0,2,-4
961,23,2023-10-26,1,65739,4.0,1.0,True,-2
962,23,2023-11-19,1,44163,3.0,1.0,True,-2
963,23,2023-11-23,1,44566,3.0,1.0,False,-1
964,23,2023-11-26,2,205990,4.0,2.0,2,-4
965,23,2023-11-27,1,163572,4.0,1.0,True,-2
966,23,2023-12-22,1,55939,4.0,1.0,True,-2
967,23,2023-12-29,1,71321,3.0,1.0,True,-2
968,23,2024-01-03,1,75065,3.0,1.0,False,-1
969,23,2024-01-20,1,30272,4.0,1.0,True,-2
970,23,2024-01-26,1,42361,4.0,1.0,True,-2
971,23,2024-01-28,1,140824,4.0,1.0,True,-2
972,23,2024-02-02,1,39782,4.0,1.0,True,-2
973,23,2024-02-24,1,42009,4.0,1.0,True,-2
974,23,2024-02-28,1,119629,4.0,1.0,False,-1
975,23,2024-03-26,1,115956,4.0,1.0,True,-2
976,23,2024-04-22,1,54801,4.0,1.0,True,-2
977,23,2024-06-24,1,35269,4.0,1.0,True,-2
978,23,2024-07-16,1,165081,3.0,1.0,True,-2
979,23,2024-07-20,1,76456,4.0,1.0,True,-2
980,23,2024-07-31,1,48094,4.0,1.0,True,-2
981,23,2024-08-08,1,42075,4.0,1.0,True,-2
982,23,2024-08-14,1,140323,4.0,1.0,False,-1
983,23,2024-09-06,1,40503,4.0,1.0,True,-2
984,23,2024-09-27,1,59896,4.0,1.0,True,-2
985,23,2024-10-15,1,44461,4.0,1.0,False,-1
986,23,2024-11-08,1,94472,4.0,1.0,False,-1
987,23,2024-11-27,1,73395,3.0,1.0,True,-2
988,23,2024-11-29,1,84955,4.0,1.0,True,-2
989,23,2024-12-01,1,28542,4.0,1.0,False,-1
990,23,2024-12-03,1,70037,4.0,1.0,True,-2
991,23,2024-12-08,1,25878,3.0,1.0,True,-2
992,23,2024-12-14,1,78743,4.0,1.0,True,-2
993,23,2024-12-17,1,153989,5.0,1.0,True,-2
994,23,2024-12-18,1,37205,4.0,1.0,False,-1
995,23,2024-12-28,1,42563,4.0,1.0,True,-2
996,24,2023-04-01,1,26333,4.0,2.5,True,-2
997,24,2023-04-10,1,17266,5.0,2.5,True,-2
998,24,2023-04-14,1,20849,4.0,2.5,True,-2
999,24,2023-05-14,1,28551,4.0,2.5,True,-2
1000,24,2023-06-17,1,18475,5.0,2.5,True,-2
1001,24,2023-06-23,1,64912,5.0,2.5,True,-2
1002,24,2023-07-19,1,105598,5.0,2.5,True,-2
1003,24,2023-08-15,2,62513,4.0,5.0,2,-4
1004,24,2023-08-28,1,48130,4.0,2.5,True,-2
1005,24,2023-09-11,1,19755,5.0,2.5,True,-2
1006,24,2023-09-13,1,65427,5.0,2.5,True,-2
1007,24,2023-09-15,1,16654,4.0,2.5,True,-2
1008,24,2023-09-27,1,34827,4.0,2.5,True,-2
1009,24,2023-10-14,1,26096,4.0,2.5,True,-2
1010,24,2023-11-25,1,22496,5.0,2.5,True,-2
1011,24,2023-12-13,1,54125,4.0,2.5,True,-2
1012,24,2023-12-26,1,96280,4.0,2.5,True,-2
1013,24,2024-01-02,1,66100,5.0,2.5,True,-2
1014,24,2024-03-14,1,38291,4.0,2.5,True,-2
1015,24,2024-04-01,1,14870,4.0,2.5,True,-2
1016,24,2024-04-08,1,27472,4.0,2.5,True,-2
1017,24,2024-04-29,1,150594,5.0,2.5,True,-2
1018,24,2024-05-16,1,38929,4.0,2.5,True,-2
1019,24,2024-05-17,1,30065,4.0,2.5,True,-2
1020,24,2024-05-26,1,29121,5.0,2.5,True,-2
1021,24,2024-06-16,1,25012,4.0,2.5,True,-2
1022,24,2024-07-12,1,19665,5.0,2.5,True,-2
1023,24,2024-07-13,1,34322,5.0,2.5,True,-2
1024,24,2024-07-29,1,153356,4.0,2.5,True,-2
1025,24,2024-08-04,1,56936,4.0,2.5,True,-2
1026,24,2024-08-08,1,14831,3.0,2.5,True,-2
1027,24,2024-09-30,1,23013,4.0,2.5,True,-2
1028,24,2024-10-02,1,60344,5.0,2.5,True,-2
1029,24,2024-10-03,1,136154,4.0,2.5,True,-2
1030,24,2024-10-11,1,37912,4.0,2.5,True,-2
1031,24,2024-10-22,1,25521,5.0,2.5,False,-1
1032,24,2024-10-27,1,39783,4.0,2.5,True,-2
1033,24,2024-12-25,1,14496,4.0,2.5,True,-2
1034,25,2023-01-02,2,49649,4.5,0.2,2,-4
1035,25,2023-01-06,1,26663,5.0,0.1,True,-2
1036,25,2023-01-18,1,9425,5.0,0.1,True,-2
1037,25,2023-02-06,1,32483,5.0,0.1,True,-2
1038,25,2023-02-13,1,32746,4.0,0.1,True,-2
1039,25,2023-02-15,1,5805,4.0,0.1,True,-2
1040,25,2023-02-21,1,11541,5.0,0.1,True,-2
1041,25,2023-03-18,1,18284,4.0,0.1,True,-2
1042,25,2023-04-27,1,31265,5.0,0.1,True,-2
1043,25,2023-05-03,1,10925,5.0,0.1,True,-2
1044,25,2023-05-16,1,19823,4.0,0.1,True,-2
1045,25,2023-06-21,1,10814,4.0,0.1,True,-2
1046,25,2023-07-20,1,21064,5.0,0.1,True,-2
1047,25,2023-07-24,1,22235,5.0,0.1,True,-2
1048,25,2023-09-02,1,8794,4.0,0.1,True,-2
1049,25,2023-09-19,1,11743,5.0,0.1,True,-2
1050,25,2023-10-08,1,29140,4.0,0.1,True,-2
1051,25,2023-11-23,1,22113,4.0,0.1,True,-2
1052,25,2023-11-27,1,13942,4.0,0.1,True,-2
1053,25,2023-12-17,1,37124,5.0,0.1,True,-2
1054,25,2023-12-30,1,24135,4.0,0.1,True,-2
1055,25,2024-01-31,3,54360,4.0,0.3,3,-6
1056,25,2024-02-01,1,32300,5.0,0.1,True,-2
1057,25,2024-02-26,1,8885,4.0,0.1,False,-1
1058,25,2024-03-17,1,15813,4.0,0.1,True,-2
1059,25,2024-03-19,1,21290,4.0,0.1,True,-2
1060,25,2024-03-29,1,26028,4.0,0.1,True,-2
1061,25,2024-04-14,1,28476,4.0,0.1,True,-2
1062,25,2024-05-04,1,9641,4.0,0.1,True,-2
1063,25,2024-05-22,1,15839,5.0,0.1,True,-2
1064,25,2024-07-24,1,5011,5.0,0.1,True,-2
1065,25,2024-11-17,1,37078,5.0,0.1,True,-2
1066,25,2024-11-24,2,56682,4.5,0.2,2,-4
1067,25,2024-12-02,1,25490,5.0,0.1,True,-2
1068,25,2024-12-03,1,15076,4.0,0.1,True,-2
